Model,Accuracy,Precision,Recall,F1-Score,ROC-AUC
Logistic Regression,0.8034066713981547,0.6600660066006601,0.5347593582887701,0.5908419497784343,0.8461003900901599
Gradient Boosting,0.801277501774308,0.6620689655172414,0.5133689839572193,0.5783132530120482,0.8432974243715932
Random Forest,0.7806955287437899,0.6132404181184669,0.47058823529411764,0.5325264750378215,0.8206153607688134
XGBoost,0.7828246983676366,0.6055900621118012,0.5213903743315508,0.5603448275862069,0.8180319822263556
Decision Tree,0.7253371185237757,0.4836272040302267,0.5133689839572193,0.4980544747081712,0.6571805006587617
